TransactionID,MerchantID,FraudIndicator,TransactionAmount,Category,AnomalyScore,Amount,CustomerID,Age,Hour
949,2610,0,32.0422594557965,2,0.75909910749829,71.1699337089338,1971,55,12
375,2497,0,49.6546789432243,4,0.400621126858643,29.1371920857677,1914,18,14
184,2507,0,70.8419408733414,4,0.934526598934005,76.7448486531346,1107,60,15
585,2362,0,96.8619764910017,1,0.295140044385683,18.479134277595,1036,37,8
672,2240,1,52.4156957708245,1,0.156625592597765,95.1678902715323,1851,21,23
153,2514,0,23.8478905782381,1,0.860893974474077,40.5263137244009,1123,34,8
9,2612,1,75.6599444982937,4,0.0104709053716154,37.1824117231004,1347,20,8
